extraction_ID,alternative_ID,source,collection_year,collection_month,collection_day,location1,location2,location3,longitude,latitude,sample_type,depth,time_of_day,project,collected_by,extraction_by,extraction_date,plate_or_vial,extraction_plate,extraction_well,dna_conc_ng_uL,additional_metadata,accompanying_data
e00611,NW21_2-10,water,2021,8,30,2,Northern Bering Sea,,,,sample,10,,NBS,,MP,2022_02_23,plate,1_2022,A01,,,
e00612,NW21_2-10,water,2021,8,30,2,Northern Bering Sea,,,,sample,10,,NBS,,MP,2022_02_23,plate,1_2022,B01,,,
e00613,NW21_2-10,water,2021,8,30,2,Northern Bering Sea,,,,sample,10,,NBS,,MP,2022_02_23,plate,1_2022,C01,,,
e00614,NW21_5-40,water,2021,8,31,5,Northern Bering Sea,,,,sample,40,,NBS,,MP,2022_02_23,plate,1_2022,D01,,,
e00615,NW21_5-40,water,2021,8,31,5,Northern Bering Sea,,,,sample,40,,NBS,,MP,2022_02_23,plate,1_2022,E01,,,
e00616,NW21_5-40,water,2021,8,31,5,Northern Bering Sea,,,,sample,40,,NBS,,MP,2022_02_23,plate,1_2022,F01,,,
e00617,NW21_5-10,water,2021,8,31,5,Northern Bering Sea,,,,sample,10,,NBS,,MP,2022_02_23,plate,1_2022,G01,,,
e00618,NW21_5-10,water,2021,8,31,5,Northern Bering Sea,,,,sample,10,,NBS,,MP,2022_02_23,plate,1_2022,H01,,,
e00619,NW21_5-10,water,2021,8,31,5,Northern Bering Sea,,,,sample,10,,NBS,,MP,2022_02_23,plate,1_2022,A02,,,
e00620,NW21_5b,water,2021,8,31,5,Northern Bering Sea,,,,field_blank,NA,,NBS,,MP,2022_02_23,plate,1_2022,B02,,,
e00621,NW21_8-10,water,2021,9,1,8,Northern Bering Sea,,,,sample,10,,NBS,,MP,2022_02_23,plate,1_2022,C02,,,
e00622,NW21_8-10,water,2021,9,1,8,Northern Bering Sea,,,,sample,10,,NBS,,MP,2022_02_23,plate,1_2022,D02,,,
e00623,NW21_8-10,water,2021,9,1,8,Northern Bering Sea,,,,sample,10,,NBS,,MP,2022_02_23,plate,1_2022,E02,,,
e00624,NW21_8b,water,2021,9,1,8,Northern Bering Sea,,,,field_blank,NA,,NBS,,MP,2022_02_23,plate,1_2022,F02,,,
e00625,,water,,,,,,,,,extraction_blank,,,NBS,,MP,2022_02_23,plate,1_2022,G02,,,
e00626,NW21_11-10,water,2021,9,2,11,Northern Bering Sea,,,,sample,10,,NBS,,MP,2022_02_23,plate,1_2022,H02,,,
e00627,NW21_11-10,water,2021,9,2,11,Northern Bering Sea,,,,sample,10,,NBS,,MP,2022_02_23,plate,1_2022,A03,,,
e00628,NW21_11b,water,2021,9,2,11,Northern Bering Sea,,,,field_blank,NA,,NBS,,MP,2022_02_23,plate,1_2022,B03,,,
e00629,NW21_2b,water,2021,8,30,2,Northern Bering Sea,,,,field_blank,NA,,NBS,,MP,2022_02_23,plate,1_2022,C03,,,
e00630,NW21_17-10,water,2021,9,4,17,Northern Bering Sea,,,,sample,10,,NBS,,MP,2022_02_23,plate,1_2022,D03,,,
e00631,NW21_17-10,water,2021,9,4,17,Northern Bering Sea,,,,sample,10,,NBS,,MP,2022_02_23,plate,1_2022,E03,,,
e00632,NW21_17-10,water,2021,9,4,17,Northern Bering Sea,,,,sample,10,,NBS,,MP,2022_02_23,plate,1_2022,F03,,,
e00633,NW21_17b,water,2021,9,4,17,Northern Bering Sea,,,,field_blank,NA,,NBS,,MP,2022_02_23,plate,1_2022,G03,,,
e00634,NW21_20-10,water,2021,9,5,20,Northern Bering Sea,,,,sample,10,,NBS,,MP,2022_02_23,plate,1_2022,H03,,,
e00635,NW21_20-10,water,2021,9,5,20,Northern Bering Sea,,,,sample,10,,NBS,,MP,2022_02_23,plate,1_2022,A04,,,
e00636,NW21_20-10,water,2021,9,5,20,Northern Bering Sea,,,,sample,10,,NBS,,MP,2022_02_23,plate,1_2022,B04,,,
e00637,NW21_20b,water,2021,9,5,20,Northern Bering Sea,,,,field_blank,NA,,NBS,,MP,2022_02_23,plate,1_2022,C04,,,
e00638,NW21_23-40,water,2021,9,6,23,Northern Bering Sea,,,,sample,40,,NBS,,MP,2022_02_23,plate,1_2022,D04,,,
e00639,NW21_23-40,water,2021,9,6,23,Northern Bering Sea,,,,sample,40,,NBS,,MP,2022_02_23,plate,1_2022,E04,,,
e00640,NW21_23-40,water,2021,9,6,23,Northern Bering Sea,,,,sample,40,,NBS,,MP,2022_02_23,plate,1_2022,F04,,,
e00641,NW21_23-10,water,2021,9,6,23,Northern Bering Sea,,,,sample,10,,NBS,,MP,2022_02_23,plate,1_2022,G04,,,
e00642,NW21_23-10,water,2021,9,6,23,Northern Bering Sea,,,,sample,10,,NBS,,MP,2022_02_23,plate,1_2022,H04,,,
e00643,NW21_23-10,water,2021,9,6,23,Northern Bering Sea,,,,sample,10,,NBS,,MP,2022_02_23,plate,1_2022,A05,,,
e00644,NW21_23b,water,2021,9,6,23,Northern Bering Sea,,,,field_blank,NA,,NBS,,MP,2022_02_23,plate,1_2022,B05,,,
e00645,NW21_26-10,water,2021,9,7,26,Northern Bering Sea,,,,sample,10,,NBS,,MP,2022_02_23,plate,1_2022,C05,,,
e00646,NW21_26-10,water,2021,9,7,26,Northern Bering Sea,,,,sample,10,,NBS,,MP,2022_02_23,plate,1_2022,D05,,,
e00647,NW21_26-10,water,2021,9,7,26,Northern Bering Sea,,,,sample,10,,NBS,,MP,2022_02_23,plate,1_2022,E05,,,
e00648,NW21_26b,water,2021,9,7,26,Northern Bering Sea,,,,field_blank,NA,,NBS,,MP,2022_02_23,plate,1_2022,F05,,,
e00649,NW21_29-10,water,2021,9,8,29,Northern Bering Sea,,,,sample,10,,NBS,,MP,2022_02_23,plate,1_2022,G05,,,
e00650,NW21_29-10,water,2021,9,8,29,Northern Bering Sea,,,,sample,10,,NBS,,MP,2022_02_23,plate,1_2022,H05,,,
e00651,NW21_29-10,water,2021,9,8,29,Northern Bering Sea,,,,sample,10,,NBS,,MP,2022_02_23,plate,1_2022,A06,,,
e00652,NW21_29b,water,2021,9,8,29,Northern Bering Sea,,,,field_blank,NA,,NBS,,MP,2022_02_23,plate,1_2022,B06,,,
e00653,NW21_23-10,water,2021,9,9,23,Northern Bering Sea,,,,sample,10,,NBS,,MP,2022_02_23,plate,1_2022,C06,,,
e00654,NW21_23-10,water,2021,9,9,23,Northern Bering Sea,,,,sample,10,,NBS,,MP,2022_02_23,plate,1_2022,D06,,,
e00655,NW21_23-10,water,2021,9,9,23,Northern Bering Sea,,,,sample,10,,NBS,,MP,2022_02_23,plate,1_2022,E06,,,
e00656,NW21_23b,water,2021,9,9,23,Northern Bering Sea,,,,field_blank,NA,,NBS,,MP,2022_02_23,plate,1_2022,F06,,,
e00657,NW21_35-10,water,2021,9,10,35,Northern Bering Sea,,,,sample,10,,NBS,,MP,2022_02_23,plate,1_2022,G06,,,
e00658,,water,,,,NA,Northern Bering Sea,,,,extraction_blank,NA,,NBS,,MP,2022_02_23,plate,1_2022,H06,,,
e00659,NW21_35-10,water,2021,9,10,35,Northern Bering Sea,,,,sample,10,,NBS,,MP,2022_02_23,plate,1_2022,A07,,,
e00660,NW21_35-10,water,2021,9,10,35,Northern Bering Sea,,,,sample,10,,NBS,,MP,2022_02_23,plate,1_2022,B07,,,
e00661,NW21_35b,water,2021,9,10,35,Northern Bering Sea,,,,field_blank,NA,,NBS,,MP,2022_02_23,plate,1_2022,C07,,,
e00662,NW21_38-10,water,2021,9,11,38,Northern Bering Sea,,,,sample,10,,NBS,,MP,2022_02_23,plate,1_2022,D07,,,
e00663,NW21_38-10,water,2021,9,11,38,Northern Bering Sea,,,,sample,10,,NBS,,MP,2022_02_23,plate,1_2022,E07,,,
e00664,NW21_38-10,water,2021,9,11,38,Northern Bering Sea,,,,sample,10,,NBS,,MP,2022_02_23,plate,1_2022,F07,,,
e00665,NW21_38b,water,2021,9,11,38,Northern Bering Sea,,,,field_blank,NA,,NBS,,MP,2022_02_23,plate,1_2022,G07,,,
e00666,NW21_40-10,water,2021,9,12,40,Northern Bering Sea,,,,sample,10,,NBS,,MP,2022_02_23,plate,1_2022,H07,,,
e00667,NW21_40-10,water,2021,9,12,40,Northern Bering Sea,,,,sample,10,,NBS,,MP,2022_02_23,plate,1_2022,A08,,,
e00668,NW21_40-10,water,2021,9,12,40,Northern Bering Sea,,,,sample,10,,NBS,,MP,2022_02_23,plate,1_2022,B08,,,
e00669,NW21_40b,water,2021,9,12,40,Northern Bering Sea,,,,field_blank,NA,,NBS,,MP,2022_02_23,plate,1_2022,C08,,,
e00670,NW21_43-10,water,2021,9,13,43,Northern Bering Sea,,,,sample,10,,NBS,,MP,2022_02_23,plate,1_2022,D08,,,
e00671,NW21_43-10,water,2021,9,13,43,Northern Bering Sea,,,,sample,10,,NBS,,MP,2022_02_23,plate,1_2022,E08,,,
e00672,NW21_43-10,water,2021,9,13,43,Northern Bering Sea,,,,sample,10,,NBS,,MP,2022_02_23,plate,1_2022,F08,,,
e00673,NW21_43b,water,2021,9,13,43,Northern Bering Sea,,,,field_blank,NA,,NBS,,MP,2022_02_23,plate,1_2022,G08,,,
e00674,NW21_46-10,water,2021,9,14,46,Northern Bering Sea,,,,sample,10,,NBS,,MP,2022_02_23,plate,1_2022,H08,,,
e00675,NW21_46-10,water,2021,9,14,46,Northern Bering Sea,,,,sample,10,,NBS,,MP,2022_02_23,plate,1_2022,A09,,,
e00676,NW21_46-10,water,2021,9,14,46,Northern Bering Sea,,,,sample,10,,NBS,,MP,2022_02_23,plate,1_2022,B09,,,
e00677,NW21_46b,water,2021,9,14,46,Northern Bering Sea,,,,field_blank,NA,,NBS,,MP,2022_02_23,plate,1_2022,C09,,,
e00678,NW21_14-10,water,2021,,,14,Northern Bering Sea,,,,sample,10,,NBS,,MP,2022_02_23,plate,1_2022,D09,,,
e00679,NW21_14-10,water,2021,,,14,Northern Bering Sea,,,,sample,10,,NBS,,MP,2022_02_23,plate,1_2022,E09,,,
e00680,NW21_14-10,water,2021,,,14,Northern Bering Sea,,,,sample,10,,NBS,,MP,2022_02_23,plate,1_2022,F09,,,
e00681,NW21_14-50,water,2021,,,14,Northern Bering Sea,,,,sample,50,,NBS,,MP,2022_02_23,plate,1_2022,G09,,,
e00682,NW21_14-50,water,2021,,,14,Northern Bering Sea,,,,sample,50,,NBS,,MP,2022_02_23,plate,1_2022,H09,,,
e00683,NW21_14-50,water,2021,,,14,Northern Bering Sea,,,,sample,50,,NBS,,MP,2022_02_23,plate,1_2022,A10,,,
e01821,NW22-01_ST31_0m_1,water,2022,,,31,Northern Bering Sea,,,,sample,0,,NBS,,MP,2023_01_05,plate,16_2023,A01,,,
e01822,NW22-01_ST31_0m_2,water,2022,,,31,Northern Bering Sea,,,,sample,0,,NBS,,MP,2023_01_05,plate,16_2023,B01,,,
e01823,NW22-01_ST31_0m_3,water,2022,,,31,Northern Bering Sea,,,,sample,0,,NBS,,MP,2023_01_05,plate,16_2023,C01,,,
e01824,NW22-02_ST31_blank_4,water,2022,,,31,Northern Bering Sea,,,,field_blank,,,NBS,,MP,2023_01_05,plate,16_2023,D01,,,
e01825,NW22-02_ST34_0m_1,water,2022,,,34,Northern Bering Sea,,,,sample,0,,NBS,,MP,2023_01_05,plate,16_2023,E01,,,
e01826,NW22-02_ST34_0m_2,water,2022,,,34,Northern Bering Sea,,,,sample,0,,NBS,,MP,2023_01_05,plate,16_2023,F01,,,
e01827,NW22-02_ST34_0m_3,water,2022,,,34,Northern Bering Sea,,,,sample,0,,NBS,,MP,2023_01_05,plate,16_2023,G01,,,
e01828,NW22-02_ST34_blank_4,water,2022,,,34,Northern Bering Sea,,,,field_blank,,,NBS,,MP,2023_01_05,plate,16_2023,H01,,,
e01829,NW22-02_ST37_0m_1,water,2022,,,37,Northern Bering Sea,,,,sample,0,,NBS,,MP,2023_01_05,plate,16_2023,A02,,,
e01830,NW22-02_ST37_0m_2,water,2022,,,37,Northern Bering Sea,,,,sample,0,,NBS,,MP,2023_01_05,plate,16_2023,B02,,,
e01831,NW22-02_ST37_0m_3,water,2022,,,37,Northern Bering Sea,,,,sample,0,,NBS,,MP,2023_01_05,plate,16_2023,C02,,,
e01832,NW22-02_ST37_blank_4,water,2022,,,37,Northern Bering Sea,,,,field_blank,,,NBS,,MP,2023_01_05,plate,16_2023,D02,,,
e01833,NW22-02_ST40_0m_2,water,2022,,,40,Northern Bering Sea,,,,sample,0,,NBS,,MP,2023_01_05,plate,16_2023,E02,,,
e01834,NW22-02_ST40_0m_3,water,2022,,,40,Northern Bering Sea,,,,sample,0,,NBS,,MP,2023_01_05,plate,16_2023,F02,,,
e01835,NW22-02_ST40_blank_4,water,2022,,,40,Northern Bering Sea,,,,field_blank,,,NBS,,MP,2023_01_05,plate,16_2023,G02,,,
e01836,NW22-02_ST4_0m_1,water,2022,,,4,Northern Bering Sea,,,,sample,0,,NBS,,MP,2023_01_05,plate,16_2023,H02,,,
e01837,,water,,,,,Northern Bering Sea,,,,extraction_blank,,,NBS,,MP,2023_01_05,plate,16_2023,A03,,,
e01838,NW22-02_ST4_0m_2,water,2022,,,4,Northern Bering Sea,,,,sample,0,,NBS,,MP,2023_01_05,plate,16_2023,B03,,,
e01839,NW22-02_ST4_0m_3,water,2022,,,4,Northern Bering Sea,,,,sample,0,,NBS,,MP,2023_01_05,plate,16_2023,C03,,,
e01840,NW22_02_ST5_0m_1,water,2022,,,5,Northern Bering Sea,,,,sample,0,,NBS,,MP,2023_01_05,plate,16_2023,D03,,,
e01841,NW22_02_ST5_0m_2,water,2022,,,5,Northern Bering Sea,,,,sample,0,,NBS,,MP,2023_01_05,plate,16_2023,E03,,,
e01842,NW22_02_ST5_0m_3,water,2022,,,5,Northern Bering Sea,,,,sample,0,,NBS,,MP,2023_01_05,plate,16_2023,F03,,,
e01843,NW22_02_ST7_0m_1,water,2022,,,7,Northern Bering Sea,,,,sample,0,,NBS,,MP,2023_01_05,plate,16_2023,G03,,,
e01844,,water,,,,,Northern Bering Sea,,,,extraction_blank,,,NBS,,MP,2023_01_05,plate,16_2023,H03,,,
e01845,NW22_02_ST7_0m_2,water,2022,,,7,Northern Bering Sea,,,,sample,0,,NBS,,MP,2023_01_05,plate,16_2023,A04,,,
e01846,NW22_02_ST7_0m_3,water,2022,,,7,Northern Bering Sea,,,,sample,0,,NBS,,MP,2023_01_05,plate,16_2023,B04,,,
e01847,NW22_02_ST7_blank_4,water,2022,,,7,Northern Bering Sea,,,,field_blank,,,NBS,,MP,2023_01_05,plate,16_2023,C04,,,
e01848,NW22_02_ST10_0m_2,water,2022,,,10,Northern Bering Sea,,,,sample,0,,NBS,,MP,2023_01_05,plate,16_2023,D04,,,
e01849,NW22_02_ST10_0m_3,water,2022,,,10,Northern Bering Sea,,,,sample,0,,NBS,,MP,2023_01_05,plate,16_2023,E04,,,
e01850,NW22_02_ST10_blank_4,water,2022,,,10,Northern Bering Sea,,,,field_blank,,,NBS,,MP,2023_01_05,plate,16_2023,F04,,,
e01851,NW22_02_ST13_0m_1,water,2022,,,13,Northern Bering Sea,,,,sample,0,,NBS,,MP,2023_01_05,plate,16_2023,G04,,,
e01852,NW22_02_ST13_0m_2,water,2022,,,13,Northern Bering Sea,,,,sample,0,,NBS,,MP,2023_01_05,plate,16_2023,H04,,,
e01853,NW22_02_ST13_0m_3,water,2022,,,13,Northern Bering Sea,,,,sample,0,,NBS,,MP,2023_01_05,plate,16_2023,A05,,,
e01854,NW22_02_ST13_blank_4,water,2022,,,13,Northern Bering Sea,,,,field_blank,,,NBS,,MP,2023_01_05,plate,16_2023,B05,,,
e01855,NW22_02_ST16_0m_1,water,2022,,,16,Northern Bering Sea,,,,sample,0,,NBS,,MP,2023_01_05,plate,16_2023,C05,,,
e01856,NW22_02_ST16_0m_2,water,2022,,,16,Northern Bering Sea,,,,sample,0,,NBS,,MP,2023_01_05,plate,16_2023,D05,,,
e01857,NW22_02_ST16_0m_3,water,2022,,,16,Northern Bering Sea,,,,sample,0,,NBS,,MP,2023_01_05,plate,16_2023,E05,,,
e01858,NW22_02_ST16_blank_4,water,2022,,,16,Northern Bering Sea,,,,field_blank,,,NBS,,MP,2023_01_05,plate,16_2023,F05,,,
e01859,NW22_02_ST40_0m_1,water,2022,,,40,Northern Bering Sea,,,,sample,0,,NBS,,MP,2023_01_05,plate,16_2023,G05,,,
e01860,NW22_02_ST25_0m_2,water,2022,,,25,Northern Bering Sea,,,,sample,0,,NBS,,MP,2023_01_05,plate,16_2023,H05,,,
e01861,,water,,,,,Northern Bering Sea,,,,extraction_blank,,,NBS,,MP,2023_01_05,plate,16_2023,A06,,,
e01862,NW22_02_ST28_0m_1,water,2022,,,28,Northern Bering Sea,,,,sample,0,,NBS,,MP,2023_01_05,plate,16_2023,B06,,,
e01863,NW22_02_ST28_0m_2,water,2022,,,28,Northern Bering Sea,,,,sample,0,,NBS,,MP,2023_01_05,plate,16_2023,C06,,,
e01864,NW22_02_ST28_0m_3,water,2022,,,28,Northern Bering Sea,,,,sample,0,,NBS,,MP,2023_01_05,plate,16_2023,D06,,,
e01865,NW22_02_ST28_blank_4,water,2022,,,28,Northern Bering Sea,,,,field_blank,,,NBS,,MP,2023_01_05,plate,16_2023,E06,,,
e01866,NW22_02_ST21_0m_1,water,2022,,,21,Northern Bering Sea,,,,sample,0,,NBS,,MP,2023_01_05,plate,16_2023,F06,,,
e01867,NW22_02_ST21_0m_2,water,2022,,,21,Northern Bering Sea,,,,sample,0,,NBS,,MP,2023_01_05,plate,16_2023,G06,,,
e01868,,water,,,,,Northern Bering Sea,,,,extraction_blank,,,NBS,,MP,2023_01_05,plate,16_2023,H06,,,
e01869,NW22_02_ST21_0m_3,water,2022,,,21,Northern Bering Sea,,,,sample,0,,NBS,,MP,2023_01_05,plate,16_2023,A07,,,
e01870,NW22_02_ST21_blank_4,water,2022,,,21,Northern Bering Sea,,,,field_blank,,,NBS,,MP,2023_01_05,plate,16_2023,B07,,,
e01871,NW22_02_ST25_0m_1,water,2022,,,25,Northern Bering Sea,,,,sample,0,,NBS,,MP,2023_01_05,plate,16_2023,C07,,,
e01872,NW22_02_ST25_0m_3,water,2022,,,25,Northern Bering Sea,,,,sample,0,,NBS,,MP,2023_01_05,plate,16_2023,D07,,,
e01873,NW22_02_ST25_blank_4,water,2022,,,25,Northern Bering Sea,,,,field_blank,,,NBS,,MP,2023_01_05,plate,16_2023,E07,,,
e01874,NW22_02_ST18_0m_1,water,2022,,,18,Northern Bering Sea,,,,sample,0,,NBS,,MP,2023_01_05,plate,16_2023,F07,,,
e01875,NW22_02_ST18_0m_2,water,2022,,,18,Northern Bering Sea,,,,sample,0,,NBS,,MP,2023_01_05,plate,16_2023,G07,,,
e01876,NW22_02_ST18_0m_3,water,2022,,,18,Northern Bering Sea,,,,sample,0,,NBS,,MP,2023_01_05,plate,16_2023,H07,,,
e01877,NW22_02_ST18_blank_4,water,2022,,,18,Northern Bering Sea,,,,field_blank,,,NBS,,MP,2023_01_05,plate,16_2023,A08,,,
e01878,NW22_02_ST10_0m_1,water,2022,,,10,Northern Bering Sea,,,,sample,0,,NBS,,MP,2023_01_05,plate,16_2023,B08,,,
e01879,,water,,,,,,,,,extraction_blank,,,NBS,,MP,2023_01_05,plate,16_2023,C08,,,
e01880,,water,,,,,,,,,extraction_blank,,,NBS,,MP,2023_01_05,plate,16_2023,D08,,,
e01881,,water,,,,,,,,,extraction_blank,,,NBS,,MP,2023_01_05,plate,16_2023,E08,,,
e01882,,water,,,,,,,,,extraction_blank,,,NBS,,MP,2023_01_05,plate,16_2023,F08,,,
e01883,,water,,,,,,,,,extraction_blank,,,NBS,,MP,2023_01_05,plate,16_2023,G08,,,
e01884,,water,,,,,,,,,extraction_blank,,,NBS,,MP,2023_01_05,plate,16_2023,H08,,,
e03351,NW2301_2_10_1,water,2023,8,30,2,Northern Bering Sea,,,,sample,10,,NBS,,,,,,,,,
e03352,NW2301_2_10_2,water,2023,8,30,2,Northern Bering Sea,,,,sample,10,,NBS,,,,,,,,,
e03353,NW2301_2_10_3,water,2023,8,30,2,Northern Bering Sea,,,,sample,10,,NBS,,,,,,,,,
e03354,NW2301_3_10_1,water,2023,8,30,3,Northern Bering Sea,,,,sample,10,,NBS,,,,,,,,,
e03355,NW2301_3_10_2,water,2023,8,30,3,Northern Bering Sea,,,,sample,10,,NBS,,,,,,,,,
e03356,NW2301_3_10_3,water,2023,8,30,3,Northern Bering Sea,,,,sample,10,,NBS,,,,,,,,,
e03357,NW2301_3_10_4,water,2023,8,30,3,Northern Bering Sea,,,,field_blank,,,NBS,,,,,,,,,
e03358,NW2301_4_10_1,water,2023,8,31,4,Northern Bering Sea,,,,sample,10,,NBS,,,,,,,,,
e03359,NW2301_4_10_2,water,2023,8,31,4,Northern Bering Sea,,,,sample,10,,NBS,,,,,,,,,
e03360,NW2301_4_10_3,water,2023,8,31,4,Northern Bering Sea,,,,sample,10,,NBS,,,,,,,,,
e03361,NW2301_4_60_1,water,2023,8,31,4,Northern Bering Sea,,,,sample,60,,NBS,,,,,,,,,
e03362,NW2301_4_60_2,water,2023,8,31,4,Northern Bering Sea,,,,sample,60,,NBS,,,,,,,,,
e03363,NW2301_4_60_3,water,2023,8,31,4,Northern Bering Sea,,,,sample,60,,NBS,,,,,,,,,
e03364,NW2301_5_10_1,water,2023,8,31,5,Northern Bering Sea,,,,sample,10,,NBS,,,,,,,,,
e03365,NW2301_5_10_2,water,2023,8,31,5,Northern Bering Sea,,,,sample,10,,NBS,,,,,,,,,
e03366,NW2301_5_10_3,water,2023,8,31,5,Northern Bering Sea,,,,sample,10,,NBS,,,,,,,,,
e03367,NW2301_5_50_1,water,2023,8,31,5,Northern Bering Sea,,,,sample,50,,NBS,,,,,,,,,
e03368,NW2301_5_50_2,water,2023,8,31,5,Northern Bering Sea,,,,sample,50,,NBS,,,,,,,,,
e03369,NW2301_5_50_3,water,2023,8,31,5,Northern Bering Sea,,,,sample,50,,NBS,,,,,,,,,
e03370,NW2301_6_10_1,water,2023,8,31,6,Northern Bering Sea,,,,sample,10,,NBS,,,,,,,,,
e03371,NW2301_6_10_2,water,2023,8,31,6,Northern Bering Sea,,,,sample,10,,NBS,,,,,,,,,
e03372,NW2301_6_10_3,water,2023,8,31,6,Northern Bering Sea,,,,sample,10,,NBS,,,,,,,,,
e03373,NW2301_6_10_4,water,2023,8,31,6,Northern Bering Sea,,,,field_blank,,,NBS,,,,,,,,,
e03374,NW2301_7_10_1,water,2023,9,1,7,Northern Bering Sea,,,,sample,10,,NBS,,,,,,,,,
e03375,NW2301_7_10_2,water,2023,9,1,7,Northern Bering Sea,,,,sample,10,,NBS,,,,,,,,,
e03376,NW2301_7_10_3,water,2023,9,1,7,Northern Bering Sea,,,,sample,10,,NBS,,,,,,,,,
e03377,NW2301_8_10_1,water,2023,9,1,8,Northern Bering Sea,,,,sample,10,,NBS,,,,,,,,,
e03378,NW2301_8_10_2,water,2023,9,1,8,Northern Bering Sea,,,,sample,10,,NBS,,,,,,,,,
e03379,NW2301_8_10_3,water,2023,9,1,8,Northern Bering Sea,,,,sample,10,,NBS,,,,,,,,,
e03380,NW2301_8_10_4,water,2023,9,1,8,Northern Bering Sea,,,,field_blank,,,NBS,,,,,,,,,
e03381,NW2301_9_10_1,water,2023,9,1,9,Northern Bering Sea,,,,sample,10,,NBS,,,,,,,,,
e03382,NW2301_9_10_2,water,2023,9,1,9,Northern Bering Sea,,,,sample,10,,NBS,,,,,,,,,
e03383,NW2301_9_10_3,water,2023,9,1,9,Northern Bering Sea,,,,sample,10,,NBS,,,,,,,,,
e03384,NW2301_10_10_1,water,2023,9,2,10,Northern Bering Sea,,,,sample,10,,NBS,,,,,,,,,
e03385,NW2301_10_10_2,water,2023,9,2,10,Northern Bering Sea,,,,sample,10,,NBS,,,,,,,,,
e03386,NW2301_10_10_3,water,2023,9,2,10,Northern Bering Sea,,,,sample,10,,NBS,,,,,,,,,
e03387,NW2301_11_10_1,water,2023,9,2,11,Northern Bering Sea,,,,sample,10,,NBS,,,,,,,,,
e03388,NW2301_11_10_2,water,2023,9,2,11,Northern Bering Sea,,,,sample,10,,NBS,,,,,,,,,
e03389,NW2301_11_10_3,water,2023,9,2,11,Northern Bering Sea,,,,sample,10,,NBS,,,,,,,,,
e03390,NW2301_11_10_4,water,2023,9,2,11,Northern Bering Sea,,,,field_blank,,,NBS,,,,,,,,,
e03391,NW2301_12_10_1,water,2023,9,3,12,Northern Bering Sea,,,,sample,10,,NBS,,,,,,,,,
e03392,NW2301_12_10_2,water,2023,9,3,12,Northern Bering Sea,,,,sample,10,,NBS,,,,,,,,,
e03393,NW2301_12_10_3,water,2023,9,3,12,Northern Bering Sea,,,,sample,10,,NBS,,,,,,,,,
e03394,NW2301_13_10_1,water,2023,9,3,13,Northern Bering Sea,,,,sample,10,,NBS,,,,,,,,,
e03395,NW2301_13_10_2,water,2023,9,3,13,Northern Bering Sea,,,,sample,10,,NBS,,,,,,,,,
e03396,NW2301_13_10_3,water,2023,9,3,13,Northern Bering Sea,,,,sample,10,,NBS,,,,,,,,,
e03397,NW2301_13_10_4,water,2023,9,3,13,Northern Bering Sea,,,,field_blank,,,NBS,,,,,,,,,
e03398,NW2301_13_30_1,water,2023,9,3,13,Northern Bering Sea,,,,sample,30,,NBS,,,,,,,,,
e03399,NW2301_13_30_2,water,2023,9,3,13,Northern Bering Sea,,,,sample,30,,NBS,,,,,,,,,
e03400,NW2301_13_30_3,water,2023,9,3,13,Northern Bering Sea,,,,sample,30,,NBS,,,,,,,,,
e03401,NW2301_14_10_1,water,2023,9,4,14,Northern Bering Sea,,,,sample,10,,NBS,,,,,,,,,
e03402,NW2301_14_10_2,water,2023,9,4,14,Northern Bering Sea,,,,sample,10,,NBS,,,,,,,,,
e03403,NW2301_14_10_3,water,2023,9,4,14,Northern Bering Sea,,,,sample,10,,NBS,,,,,,,,,
e03404,NW2301_15_10_1,water,2023,9,4,15,Northern Bering Sea,,,,sample,10,,NBS,,,,,,,,,
e03405,NW2301_15_10_2,water,2023,9,4,15,Northern Bering Sea,,,,sample,10,,NBS,,,,,,,,,
e03406,NW2301_15_10_3,water,2023,9,4,15,Northern Bering Sea,,,,sample,10,,NBS,,,,,,,,,
e03407,NW2301_15_40_1,water,2023,9,4,15,Northern Bering Sea,,,,sample,40,,NBS,,,,,,,,,
e03408,NW2301_15_40_2,water,2023,9,4,15,Northern Bering Sea,,,,sample,40,,NBS,,,,,,,,,
e03409,NW2301_15_40_3,water,2023,9,4,15,Northern Bering Sea,,,,sample,40,,NBS,,,,,,,,,
e03410,NW2301_16_10_1,water,2023,9,4,16,Northern Bering Sea,,,,sample,10,,NBS,,,,,,,,,
e03411,NW2301_16_10_2,water,2023,9,4,16,Northern Bering Sea,,,,sample,10,,NBS,,,,,,,,,
e03412,NW2301_16_10_3,water,2023,9,4,16,Northern Bering Sea,,,,sample,10,,NBS,,,,,,,,,
e03413,NW2301_16_10_4,water,2023,9,4,16,Northern Bering Sea,,,,field_blank,,,NBS,,,,,,,,,
e03414,NW2301_17_10_1,water,2023,9,5,17,Northern Bering Sea,,,,sample,10,,NBS,,,,,,,,,
e03415,NW2301_17_10_2,water,2023,9,5,17,Northern Bering Sea,,,,sample,10,,NBS,,,,,,,,,
e03416,NW2301_17_10_3,water,2023,9,5,17,Northern Bering Sea,,,,sample,10,,NBS,,,,,,,,,
e03417,NW2301_18_10_1,water,2023,9,5,18,Northern Bering Sea,,,,sample,10,,NBS,,,,,,,,,
e03418,NW2301_18_10_2,water,2023,9,5,18,Northern Bering Sea,,,,sample,10,,NBS,,,,,,,,,
e03419,NW2301_18_10_3,water,2023,9,5,18,Northern Bering Sea,,,,sample,10,,NBS,,,,,,,,,
e03420,NW2301_18_10_4,water,2023,9,5,18,Northern Bering Sea,,,,field_blank,,,NBS,,,,,,,,,
e03421,NW2301_19_10_1,water,2023,9,5,19,Northern Bering Sea,,,,sample,10,,NBS,,,,,,,,,
e03422,NW2301_19_10_2,water,2023,9,5,19,Northern Bering Sea,,,,sample,10,,NBS,,,,,,,,,
e03423,NW2301_19_10_3,water,2023,9,5,19,Northern Bering Sea,,,,sample,10,,NBS,,,,,,,,,
e03424,NW2301_20_10_1,water,2023,9,6,20,Northern Bering Sea,,,,sample,10,,NBS,,,,,,,,,
e03425,NW2301_20_10_2,water,2023,9,6,20,Northern Bering Sea,,,,sample,10,,NBS,,,,,,,,,
e03426,NW2301_20_10_3,water,2023,9,6,20,Northern Bering Sea,,,,sample,10,,NBS,,,,,,,,,
e03427,NW2301_20_10_1,water,2023,9,6,21,Northern Bering Sea,,,,sample,10,,NBS,,,,,,,,,
e03428,NW2301_20_10_2,water,2023,9,6,21,Northern Bering Sea,,,,sample,10,,NBS,,,,,,,,,
e03429,NW2301_20_10_3,water,2023,9,6,21,Northern Bering Sea,,,,sample,10,,NBS,,,,,,,,,
e03430,NW2301_22_10_1,water,2023,9,6,22,Northern Bering Sea,,,,sample,10,,NBS,,,,,,,,,
e03431,NW2301_22_10_2,water,2023,9,6,22,Northern Bering Sea,,,,sample,10,,NBS,,,,,,,,,
e03432,NW2301_22_10_3,water,2023,9,6,22,Northern Bering Sea,,,,sample,10,,NBS,,,,,,,,,
e03433,NW2301_22_10_4,water,2023,9,6,22,Northern Bering Sea,,,,field_blank,,,NBS,,,,,,,,,
e03434,NW2301_23_10_1,water,2023,9,7,23,Northern Bering Sea,,,,sample,10,,NBS,,,,,,,,,
e03435,NW2301_23_10_2,water,2023,9,7,23,Northern Bering Sea,,,,sample,10,,NBS,,,,,,,,,
e03436,NW2301_23_10_3,water,2023,9,7,23,Northern Bering Sea,,,,sample,10,,NBS,,,,,,,,,
e03437,NW2301_23_30_1,water,2023,9,7,23,Northern Bering Sea,,,,sample,30,,NBS,,,,,,,,,
e03438,NW2301_23_30_2,water,2023,9,7,23,Northern Bering Sea,,,,sample,30,,NBS,,,,,,,,,
e03439,NW2301_23_30_3,water,2023,9,7,23,Northern Bering Sea,,,,sample,30,,NBS,,,,,,,,,
e03440,NW2301_24_30_1,water,2023,9,7,24,Northern Bering Sea,,,,sample,10,,NBS,,,,,,,,,
e03441,NW2301_24_30_2,water,2023,9,7,24,Northern Bering Sea,,,,sample,10,,NBS,,,,,,,,,
e03442,NW2301_24_30_3,water,2023,9,7,24,Northern Bering Sea,,,,sample,10,,NBS,,,,,,,,,
e03443,NW2301_24_40_1,water,2023,9,7,24,Northern Bering Sea,,,,sample,40,,NBS,,,,,,,,,
e03444,NW2301_24_40_2,water,2023,9,7,24,Northern Bering Sea,,,,sample,40,,NBS,,,,,,,,,
e03445,NW2301_24_40_3,water,2023,9,7,24,Northern Bering Sea,,,,sample,40,,NBS,,,,,,,,,
e03446,NW2301_25_10_1,water,2023,9,7,25,Northern Bering Sea,,,,sample,10,,NBS,,,,,,,,,
e03447,NW2301_25_10_2,water,2023,9,7,25,Northern Bering Sea,,,,sample,10,,NBS,,,,,,,,,
e03448,NW2301_25_10_3,water,2023,9,7,25,Northern Bering Sea,,,,sample,10,,NBS,,,,,,,,,
e03449,NW2301_25_10_4,water,2023,9,7,25,Northern Bering Sea,,,,field_blank,,,NBS,,,,,,,,,
e03450,NW2301_25_30_1,water,2023,9,7,25,Northern Bering Sea,,,,sample,30,,NBS,,,,,,,,,
e03451,NW2301_25_30_2,water,2023,9,7,25,Northern Bering Sea,,,,sample,30,,NBS,,,,,,,,,
e03452,NW2301_25_30_3,water,2023,9,7,25,Northern Bering Sea,,,,sample,30,,NBS,,,,,,,,,
e03453,NW2301_26_10_1,water,2023,9,8,26,Northern Bering Sea,,,,sample,10,,NBS,,,,,,,,,
e03454,NW2301_26_10_2,water,2023,9,8,26,Northern Bering Sea,,,,sample,10,,NBS,,,,,,,,,
e03455,NW2301_26_10_3,water,2023,9,8,26,Northern Bering Sea,,,,sample,10,,NBS,,,,,,,,,
e03456,NW2301_27_10_1,water,2023,9,8,27,Northern Bering Sea,,,,sample,10,,NBS,,,,,,,,,
e03457,NW2301_27_10_2,water,2023,9,8,27,Northern Bering Sea,,,,sample,10,,NBS,,,,,,,,,
e03458,NW2301_27_10_3,water,2023,9,8,27,Northern Bering Sea,,,,sample,10,,NBS,,,,,,,,,
e03459,NW2301_27_10_4,water,2023,9,8,27,Northern Bering Sea,,,,field_blank,,,NBS,,,,,,,,,
e03460,NW2301_28_10_1,water,2023,9,8,28,Northern Bering Sea,,,,sample,10,,NBS,,,,,,,,,
e03461,NW2301_28_10_2,water,2023,9,8,28,Northern Bering Sea,,,,sample,10,,NBS,,,,,,,,,
e03462,NW2301_28_10_3,water,2023,9,8,28,Northern Bering Sea,,,,sample,10,,NBS,,,,,,,,,
e03463,NW2301_30_10_1,water,2023,,,30,Northern Bering Sea,,,,sample,10,,NBS,,,,,,,,,
e03464,NW2301_30_10_2,water,2023,,,30,Northern Bering Sea,,,,sample,10,,NBS,,,,,,,,,
e03465,NW2301_30_10_3,water,2023,,,30,Northern Bering Sea,,,,sample,10,,NBS,,,,,,,,,
e03466,NW2301_30_10_4,water,2023,,,30,Northern Bering Sea,,,,field_blank,,,NBS,,,,,,,,,
e03467,NW2301_31_10_1,water,2023,,,31,Northern Bering Sea,,,,sample,10,,NBS,,,,,,,,,
e03468,NW2301_31_10_2,water,2023,,,31,Northern Bering Sea,,,,sample,10,,NBS,,,,,,,,,
e03469,NW2301_31_10_3,water,2023,,,31,Northern Bering Sea,,,,sample,10,,NBS,,,,,,,,,
e03470,NW2301_32_10_1,water,2023,,,32,Northern Bering Sea,,,,sample,10,,NBS,,,,,,,,,
e03471,NW2301_32_10_2,water,2023,,,32,Northern Bering Sea,,,,sample,10,,NBS,,,,,,,,,
e03472,NW2301_32_10_3,water,2023,,,32,Northern Bering Sea,,,,sample,10,,NBS,,,,,,,,,
e03473,NW2301_34_10_1,water,2023,,,34,Northern Bering Sea,,,,sample,10,,NBS,,,,,,,,,
e03474,NW2301_34_10_2,water,2023,,,34,Northern Bering Sea,,,,sample,10,,NBS,,,,,,,,,
e03475,NW2301_34_10_3,water,2023,,,34,Northern Bering Sea,,,,sample,10,,NBS,,,,,,,,,
e03476,NW2301_34_10_4,water,2023,,,34,Northern Bering Sea,,,,field_blank,,,NBS,,,,,,,,,
e03477,NW2301_35_10_1,water,2023,,,35,Northern Bering Sea,,,,sample,10,,NBS,,,,,,,,,
e03478,NW2301_35_10_2,water,2023,,,35,Northern Bering Sea,,,,sample,10,,NBS,,,,,,,,,
e03479,NW2301_35_10_3,water,2023,,,35,Northern Bering Sea,,,,sample,10,,NBS,,,,,,,,,
e03480,NW2301_36_10_1,water,2023,,,36,Northern Bering Sea,,,,sample,10,,NBS,,,,,,,,,
e03481,NW2301_36_10_2,water,2023,,,36,Northern Bering Sea,,,,sample,10,,NBS,,,,,,,,,
e03482,NW2301_36_10_3,water,2023,,,36,Northern Bering Sea,,,,sample,10,,NBS,,,,,,,,,
e03483,NW2301_36_10_4,water,2023,,,36,Northern Bering Sea,,,,field_blank,,,NBS,,,,,,,,,
e03484,NW2301_37_10_1,water,2023,,,37,Northern Bering Sea,,,,sample,10,,NBS,,,,,,,,,
e03485,NW2301_37_10_2,water,2023,,,37,Northern Bering Sea,,,,sample,10,,NBS,,,,,,,,,
e03486,NW2301_37_10_3,water,2023,,,37,Northern Bering Sea,,,,sample,10,,NBS,,,,,,,,,
e03487,NW2301_38_10_1,water,2023,,,38,Northern Bering Sea,,,,sample,10,,NBS,,,,,,,,,
e03488,NW2301_38_10_2,water,2023,,,38,Northern Bering Sea,,,,sample,10,,NBS,,,,,,,,,
e03489,NW2301_38_10_3,water,2023,,,38,Northern Bering Sea,,,,sample,10,,NBS,,,,,,,,,
e03490,NW2301_39_10_1,water,2023,,,39,Northern Bering Sea,,,,sample,10,,NBS,,,,,,,,,
e03491,NW2301_39_10_2,water,2023,,,39,Northern Bering Sea,,,,sample,10,,NBS,,,,,,,,,
e03492,NW2301_39_10_3,water,2023,,,39,Northern Bering Sea,,,,sample,10,,NBS,,,,,,,,,
e03493,NW2301_39_10_4,water,2023,,,39,Northern Bering Sea,,,,field_blank,,,NBS,,,,,,,,,
e03494,NW2301_40_10_1,water,2023,,,40,Northern Bering Sea,,,,sample,10,,NBS,,,,,,,,,
e03495,NW2301_40_10_2,water,2023,,,40,Northern Bering Sea,,,,sample,10,,NBS,,,,,,,,,
e03496,NW2301_40_10_3,water,2023,,,40,Northern Bering Sea,,,,sample,10,,NBS,,,,,,,,,
e03497,NW2301_41_10_1,water,2023,,,41,Northern Bering Sea,,,,sample,10,,NBS,,,,,,,,,
e03498,NW2301_41_10_2,water,2023,,,41,Northern Bering Sea,,,,sample,10,,NBS,,,,,,,,,
e03499,NW2301_41_10_3,water,2023,,,41,Northern Bering Sea,,,,sample,10,,NBS,,,,,,,,,
e03500,NW2301_41_10_4,water,2023,,,41,Northern Bering Sea,,,,field_blank,,,NBS,,,,,,,,,
e03501,NW2301_43_10_1,water,2023,,,43,Northern Bering Sea,,,,sample,10,,NBS,,,,,,,,,
e03502,NW2301_43_10_2,water,2023,,,43,Northern Bering Sea,,,,sample,10,,NBS,,,,,,,,,
e03503,NW2301_43_10_3,water,2023,,,43,Northern Bering Sea,,,,sample,10,,NBS,,,,,,,,,
e03504,NW2301_44_10_1,water,2023,,,44,Northern Bering Sea,,,,sample,10,,NBS,,,,,,,,,
e03505,NW2301_44_10_2,water,2023,,,44,Northern Bering Sea,,,,sample,10,,NBS,,,,,,,,,
e03506,NW2301_44_10_3,water,2023,,,44,Northern Bering Sea,,,,sample,10,,NBS,,,,,,,,,
e03507,NW2301_45_10_1,water,2023,,,45,Northern Bering Sea,,,,sample,10,,NBS,,,,,,,,,
e03508,NW2301_45_10_2,water,2023,,,45,Northern Bering Sea,,,,sample,10,,NBS,,,,,,,,,
e03509,NW2301_45_10_3,water,2023,,,45,Northern Bering Sea,,,,sample,10,,NBS,,,,,,,,,
e03510,NW2301_45_10_4,water,2023,,,45,Northern Bering Sea,,,,field_blank,,,NBS,,,,,,,,,
e03511,NW2301_46_10_1,water,2023,,,46,Northern Bering Sea,,,,sample,10,,NBS,,,,,,,,,
e03512,NW2301_46_10_2,water,2023,,,46,Northern Bering Sea,,,,sample,10,,NBS,,,,,,,,,
e03513,NW2301_46_10_3,water,2023,,,46,Northern Bering Sea,,,,sample,10,,NBS,,,,,,,,,
